{
  "12": {
    "erosion_score": 0.6213778680688337,
    "erosion_label": 1,
    "ruins_ratio": 0.2427557361376673,
    "vegetation_ratio": 0.0
  },
  "13": {
    "erosion_score": 0.1605422719620924,
    "erosion_label": 0,
    "ruins_ratio": 0.03184870805981848,
    "vegetation_ratio": 0.7107641641356337
  },
  "14": {
    "erosion_score": 0.084534231870229,
    "erosion_label": 0,
    "ruins_ratio": 0.005795562977099236,
    "vegetation_ratio": 0.8367270992366412
  },
  "1_11zon": {
    "erosion_score": 0.269653902108138,
    "erosion_label": 0,
    "ruins_ratio": 0.13395534710197962,
    "vegetation_ratio": 0.5946475428857035
  },
  "33_11zon": {
    "erosion_score": 0.25494117275611894,
    "erosion_label": 0,
    "ruins_ratio": 0.05768159542823122,
    "vegetation_ratio": 0.5477992499159933
  },
  "44_11zon": {
    "erosion_score": 0.1282930648769575,
    "erosion_label": 0,
    "ruins_ratio": 0.027369127516778523,
    "vegetation_ratio": 0.7707829977628635
  },
  "5": {
    "erosion_score": 0.48532243394928903,
    "erosion_label": 1,
    "ruins_ratio": 0.11201224516959116,
    "vegetation_ratio": 0.14136737727101312
  },
  "6": {
    "erosion_score": 0.11996690749920895,
    "erosion_label": 0,
    "ruins_ratio": 0.005395659740533699,
    "vegetation_ratio": 0.7654618447421158
  },
  "7": {
    "erosion_score": 0.5189189990512334,
    "erosion_label": 1,
    "ruins_ratio": 0.0378379981024668,
    "vegetation_ratio": 0.0
  },
  "8": {
    "erosion_score": 0.1485950208821661,
    "erosion_label": 0,
    "ruins_ratio": 0.013140868900468233,
    "vegetation_ratio": 0.715950827136136
  },
  "9": {
    "erosion_score": 0.32654199564698705,
    "erosion_label": 1,
    "ruins_ratio": 0.0,
    "vegetation_ratio": 0.3469160087060259
  },
  "badamai": {
    "erosion_score": 0.5,
    "erosion_label": 1,
    "ruins_ratio": 0.0,
    "vegetation_ratio": 0.0
  },
  "bojjanakonda": {
    "erosion_score": 0.18632450224619113,
    "erosion_label": 0,
    "ruins_ratio": 0.0033122831094289993,
    "vegetation_ratio": 0.6306632786170467
  },
  "hampi": {
    "erosion_score": 0.512589034584553,
    "erosion_label": 1,
    "ruins_ratio": 0.1197539732744356,
    "vegetation_ratio": 0.09457590410532975
  },
  "i12": {
    "erosion_score": 0.48591386205491643,
    "erosion_label": 1,
    "ruins_ratio": 0.012781667363575607,
    "vegetation_ratio": 0.040953943253742756
  },
  "i5": {
    "erosion_score": 0.3822359697934648,
    "erosion_label": 1,
    "ruins_ratio": 0.12096552266383614,
    "vegetation_ratio": 0.3564935830769066
  },
  "i6": {
    "erosion_score": 0.4873066077689264,
    "erosion_label": 1,
    "ruins_ratio": 0.29161743630430975,
    "vegetation_ratio": 0.3170042207664569
  },
  "i8": {
    "erosion_score": 0.284782010457208,
    "erosion_label": 0,
    "ruins_ratio": 0.040492911185209805,
    "vegetation_ratio": 0.4709288902707938
  },
  "nagarjunakonda": {
    "erosion_score": 0.5677745731879474,
    "erosion_label": 1,
    "ruins_ratio": 0.13554914637589482,
    "vegetation_ratio": 0.0
  },
  "shimachalam": {
    "erosion_score": 0.5,
    "erosion_label": 1,
    "ruins_ratio": 0.0,
    "vegetation_ratio": 0.0
  },
  "thotlakonda": {
    "erosion_score": 0.2647092460160039,
    "erosion_label": 0,
    "ruins_ratio": 0.14266976880492624,
    "vegetation_ratio": 0.6132512767729185
  }
}